{
"time" : [0, 0.100806, 0.201613, 0.302419, 0.403226, 0.504032, 0.604839, 0.705645, 0.806452, 0.907258, 1.00806, 1.10887, 1.20968, 1.31048, 1.41129, 1.5121, 1.6129, 1.71371, 1.81452, 1.91532, 2.01613, 2.11694, 2.21774, 2.31855, 2.41935, 2.52016, 2.62097, 2.72177, 2.82258, 2.92339, 3.02419, 3.125, 3.22581, 3.32661, 3.42742, 3.52823, 3.62903, 3.72984, 3.83065, 3.93145, 4.03226, 4.13306, 4.23387, 4.33468, 4.43548, 4.53629, 4.6371, 4.7379, 4.83871, 4.93952, 5.04032, 5.14113, 5.24194, 5.34274, 5.44355, 5.54435, 5.64516, 5.74597, 5.84677, 5.94758, 6.04839, 6.14919, 6.25, 6.35081, 6.45161, 6.55242, 6.65323, 6.75403, 6.85484, 6.95565, 7.05645, 7.15726, 7.25806, 7.35887, 7.45968, 7.56048, 7.66129, 7.7621, 7.8629, 7.96371, 8.06452, 8.16532, 8.26613, 8.36694, 8.46774, 8.56855, 8.66935, 8.77016, 8.87097, 8.97177, 9.07258, 9.17339, 9.27419, 9.375, 9.47581, 9.57661, 9.67742, 9.77823, 9.87903, 9.97984, 10.0806, 10.1815, 10.2823, 10.3831, 10.4839, 10.5847, 10.6855, 10.7863, 10.8871, 10.9879, 11.0887, 11.1895, 11.2903, 11.3911, 11.4919, 11.5927, 11.6935, 11.7944, 11.8952, 11.996, 12.0968, 12.1976, 12.2984, 12.3992, 12.5], 
"position" : [[-5.14984e-05, -0.00241116, 0.00243852], [-5.14984e-05, -0.00241116, 0.00243852], [-5.14984e-05, -0.00241116, 0.00243852], [-5.14984e-05, -0.00241116, 0.00243852], [-3.40247e-05, -0.00123786, 0.00243204], [0.000505205, 0.0351367, 0.00262205], [0.000862598, 0.0631137, 0.0117766], [0.000862598, 0.0631137, 0.0117766], [0.000862598, 0.0631137, 0.0117766], [0.000862598, 0.0631137, 0.0117766], [0.000862598, 0.0631137, 0.0117766], [0.000900309, 0.0665674, 0.0139089], [0.00135994, 0.110305, 0.0437462], [0.00211125, 0.197873, 0.130195], [0.00270159, 0.289469, 0.251394], [0.00190815, 0.295629, 0.390609], [-0.000299853, 0.211745, 0.541899], [-0.00252857, 0.106538, 0.646624], [-0.00360169, 0.0530847, 0.690513], [-0.00312338, 0.079071, 0.676034], [-6.4621e-05, 0.237533, 0.565148], [0.00477712, 0.445582, 0.289705], [0.00733218, 0.488829, -0.0111517], [0.00684788, 0.376391, -0.197675], [0.00495345, 0.175331, -0.369509], [0.00367118, 0.0556028, -0.447566], [0.00329674, 0.0161875, -0.480772], [0.00331287, 0.0169061, -0.481636], [0.00383188, 0.061562, -0.458923], [0.005546, 0.227748, -0.340248], [0.00632268, 0.381816, -0.102402], [0.00467974, 0.37667, 0.14403], [0.00200434, 0.273171, 0.322986], [-0.00046591, 0.137861, 0.395334], [-0.000245783, 0.156727, 0.404793], [0.00126634, 0.265153, 0.420329], [0.00253793, 0.380571, 0.490039], [0.00206411, 0.396075, 0.600785], [0.000252068, 0.307477, 0.67878], [-0.0011575, 0.224581, 0.706756], [0.00122222, 0.355117, 0.637486], [0.00692949, 0.603648, 0.320512], [0.0100247, 0.62065, -0.126604], [0.0082587, 0.383094, -0.403925], [0.00406661, 0.0814055, -0.449488], [-0.000408354, -0.123544, -0.224521], [-0.00280223, -0.117336, 0.166535], [-0.000689807, 0.094842, 0.330055], [0.00335435, 0.305886, 0.187077], [0.00517194, 0.323617, -0.0573714], [0.00394393, 0.175601, -0.210079], [0.00288803, 0.0456832, -0.347573], [0.00519824, 0.148321, -0.471137], [0.00989331, 0.423915, -0.565676], [0.012654, 0.654517, -0.461068], [0.0108024, 0.639432, -0.205074], [0.00615105, 0.39493, -0.0447407], [0.000795334, 0.0577247, 0.00973318], [-0.00330989, -0.129762, 0.217374], [-0.00215087, 0.0319691, 0.412993], [0.00372154, 0.370315, 0.279892], [0.00675377, 0.462972, 0.0194419], [0.00475229, 0.264803, -0.128783], [0.00189995, 0.0237009, -0.243504], [0.00120833, -0.0697261, -0.353056], [0.00465829, 0.116127, -0.461454], [0.00865385, 0.393518, -0.441748], [0.00878113, 0.498707, -0.215974], [0.00596378, 0.426248, 0.05788], [0.000368713, 0.145654, 0.282308], [-0.00394838, -0.0980786, 0.391808], [-0.00194565, 0.0428612, 0.406147], [0.00167701, 0.311828, 0.464838], [0.00263522, 0.419422, 0.565491], [-0.000614552, 0.266838, 0.720115], [-0.00455922, 0.0419937, 0.815234], [-0.00378716, 0.0930411, 0.813074], [0.000462449, 0.320188, 0.675366], [0.00369961, 0.440404, 0.447073], [0.00415914, 0.394039, 0.266462], [0.00246811, 0.187785, 0.0505157], [0.000584309, -0.0395214, -0.184325], [0.00124877, -0.0580703, -0.332155], [0.00506152, 0.179791, -0.376105], [0.00766185, 0.384618, -0.306518], [0.00609786, 0.366997, -0.101656], [0.00160955, 0.152648, 0.103475], [-0.000979058, 0.0273115, 0.217758], [-0.00111021, 0.0414984, 0.27154], [0.000635114, 0.206923, 0.38355], [-0.00015961, 0.235875, 0.576225], [-0.00329569, 0.103935, 0.761168], [-0.00494444, 0.0281308, 0.843395], [-0.00465328, 0.0514707, 0.852145], [-0.00166715, 0.202031, 0.734281], [0.00293068, 0.41252, 0.502926], [0.00493087, 0.456739, 0.291617], [0.00370492, 0.263958, 0.033959], [0.00152014, 0.012391, -0.210231], [0.00143712, -0.0464887, -0.334741], [0.00596914, 0.199627, -0.472516], [0.00957693, 0.402897, -0.565012], [0.0103517, 0.433452, -0.615482], [0.00910601, 0.319834, -0.685045], [0.00768463, 0.238038, -0.652578], [0.00577724, 0.224093, -0.385151], [0.00541107, 0.343397, -0.0487577], [0.0067303, 0.466441, 0.0312355], [0.00896326, 0.54729, -0.131086], [0.00840646, 0.447461, -0.276767], [0.00562478, 0.251695, -0.296709], [0.00231553, 0.05979, -0.224556], [0.000787794, 0.0122138, -0.0954301], [0.000454968, 0.0161382, -0.0339236], [0.000454164, 0.019052, -0.0269772], [0.000380014, 0.0170377, -0.0200232], [-0.000134445, -0.00566609, 0.00785425], [-0.000169516, -0.00721995, 0.00974036], [-0.000169516, -0.00721995, 0.00974036], [-0.000169516, -0.00721995, 0.00974036], [-5.5306e-05, -0.00256631, 0.0026741], [-5.14984e-05, -0.00241116, 0.00243852], [-5.14984e-05, -0.00241116, 0.00243852], [-5.14984e-05, -0.00241116, 0.00243852], [-5.14984e-05, -0.00241116, 0.00243852]], 
"rotation" : [[0, 0, 0, 1], [0, 0, 0, 1], [0, 0, 0, 1], [0, 0, 0, 1], [0, 0, 0, 1], [0, 0, 0, 1], [0, 0, 0, 1], [0, 0, 0, 1], [0, 0, 0, 1], [0, 0, 0, 1], [0, 0, 0, 1], [0, 0, 0, 1], [0, 0, 0, 1], [0, 0, 0, 1], [0, 0, 0, 1], [0, 0, 0, 1], [0, 0, 0, 1], [0, 0, 0, 1], [0, 0, 0, 1], [0, 0, 0, 1], [0, 0, 0, 1], [0, 0, 0, 1], [0, 0, 0, 1], [0, 0, 0, 1], [0, 0, 0, 1], [0, 0, 0, 1], [0, 0, 0, 1], [0, 0, 0, 1], [0, 0, 0, 1], [0, 0, 0, 1], [0, 0, 0, 1], [0, 0, 0, 1], [0, 0, 0, 1], [0, 0, 0, 1], [0, 0, 0, 1], [0, 0, 0, 1], [0, 0, 0, 1], [0, 0, 0, 1], [0, 0, 0, 1], [0, 0, 0, 1], [0, 0, 0, 1], [0, 0, 0, 1], [0, 0, 0, 1], [0, 0, 0, 1], [0, 0, 0, 1], [0, 0, 0, 1], [0, 0, 0, 1], [0, 0, 0, 1], [0, 0, 0, 1], [0, 0, 0, 1], [0, 0, 0, 1], [0, 0, 0, 1], [0, 0, 0, 1], [0, 0, 0, 1], [0, 0, 0, 1], [0, 0, 0, 1], [0, 0, 0, 1], [0, 0, 0, 1], [0, 0, 0, 1], [0, 0, 0, 1], [0, 0, 0, 1], [0, 0, 0, 1], [0, 0, 0, 1], [0, 0, 0, 1], [0, 0, 0, 1], [0, 0, 0, 1], [0, 0, 0, 1], [0, 0, 0, 1], [0, 0, 0, 1], [0, 0, 0, 1], [0, 0, 0, 1], [0, 0, 0, 1], [0, 0, 0, 1], [0, 0, 0, 1], [0, 0, 0, 1], [0, 0, 0, 1], [0, 0, 0, 1], [0, 0, 0, 1], [0, 0, 0, 1], [0, 0, 0, 1], [0, 0, 0, 1], [0, 0, 0, 1], [0, 0, 0, 1], [0, 0, 0, 1], [0, 0, 0, 1], [0, 0, 0, 1], [0, 0, 0, 1], [0, 0, 0, 1], [0, 0, 0, 1], [0, 0, 0, 1], [0, 0, 0, 1], [0, 0, 0, 1], [0, 0, 0, 1], [0, 0, 0, 1], [0, 0, 0, 1], [0, 0, 0, 1], [0, 0, 0, 1], [0, 0, 0, 1], [0, 0, 0, 1], [0, 0, 0, 1], [0, 0, 0, 1], [0, 0, 0, 1], [0, 0, 0, 1], [0, 0, 0, 1], [0, 0, 0, 1], [0, 0, 0, 1], [0, 0, 0, 1], [0, 0, 0, 1], [0, 0, 0, 1], [0, 0, 0, 1], [0, 0, 0, 1], [0, 0, 0, 1], [0, 0, 0, 1], [0, 0, 0, 1], [0, 0, 0, 1], [0, 0, 0, 1], [0, 0, 0, 1], [0, 0, 0, 1], [0, 0, 0, 1], [0, 0, 0, 1], [0, 0, 0, 1], [0, 0, 0, 1], [0, 0, 0, 1], [0, 0, 0, 1], [0, 0, 0, 1]] 
}
