{
"names": ["Armature", "Bone", "Bone_001", "Bone_L", "Bone_R", "Bone_L_003", "Bone_R_003", "Bone_005", "Bone_007", "Bone_002", "Bone_L_001", "Bone_R_001", "Bone_L_004", "Bone_R_004", "Bone_006", "Bone_008", "Bone_007_L", "Bone_007_R", "Bone_003", "Bone_L_002", "Bone_R_002", "Bone_L_005", "Bone_R_005", "Bone_006_end", "Bone_009", "Bone_007_L_001", "Bone_007_R_001", "Bone_004", "Bone_L_006", "Bone_R_006", "Bone_009_end", "Bone_007_L_002", "Bone_007_R_002", "Bone_L_006_end", "Bone_R_006_end", "Bone_007_L_002_end", "Bone_007_R_002_end"],
"parent_id": [-1, 0, 1, 1, 1, 1, 1, 1, 1, 2, 3, 4, 5, 6, 7, 8, 8, 8, 9, 10, 11, 12, 13, 14, 15, 16, 17, 18, 21, 22, 24, 25, 26, 28, 29, 31, 32],
"translation": [0, 0, 0, 0, 0, 0, 0, 0.618886, 0, 0, 0.618886, 0, 0, 0.618886, 0, 0, 0.618886, 0, 0, 0.618886, 0, 0, 0.618886, 0, 0, 0.618886, 0, 0, 0.595992, -5.96046e-08, 2.98023e-08, 0.315011, 2.98023e-08, -2.98023e-08, 0.315011, 2.98023e-08, 0, 0.52662, 2.98023e-08, 0, 0.52662, 2.98023e-08, 0, 0.325996, 0, -3.55271e-15, 0.287565, 2.98023e-08, -3.55271e-15, 0.287565, 2.98023e-08, -3.55271e-15, 0.287565, 2.98023e-08, 0, 0.420142, -5.96046e-08, 2.98023e-08, 0.467858, 2.98023e-08, -2.98023e-08, 0.467858, 2.98023e-08, 0, 0.329657, 1.49012e-08, 0, 0.329657, 1.49012e-08, 4.44089e-16, 0.39377, 1.21072e-08, -3.55271e-15, 0.307592, -8.9407e-08, -5.96046e-08, 0.483547, 0, 5.96046e-08, 0.483547, -5.96046e-08, 0, 0.141356, 0, 0, 0.263357, 0, 0, 0.263357, 0, 1.42109e-14, 0.331832, -1.19209e-07, -2.98023e-08, 0.26599, -2.98023e-08, 0, 0.26599, -2.98023e-08, -2.98023e-08, 0.0988042, -1.19209e-07, 2.98023e-08, 0.0988042, -1.19209e-07, 0, 0.245299, 0, 0, 0.245299, 0],
"rotation": [0, 0, 0, 1, 0.933109, 0, -7.06059e-16, -0.359594, 0.84091, 1.01067e-16, -6.75244e-16, 0.541175, 0.756885, 0.504674, -0.398012, 0.118387, 0.756885, -0.504674, 0.398012, 0.118387, 0.684342, 0.591221, -0.000758794, 0.42677, 0.684342, -0.591221, 0.000758794, 0.42677, 4.78135e-08, 0.773898, -0.633311, -5.84277e-08, -1.88721e-08, 0.968254, 0.249968, -7.31012e-08, 0.214914, 0, 0, 0.976633, 0.0543033, -0.00979741, -0.0968808, 0.993765, 0.0543033, 0.00979741, 0.0968808, 0.993765, -0.154604, 0.623921, -0.494447, 0.5851, -0.154604, -0.623921, 0.494447, 0.5851, -0.455524, 2.80828e-14, -6.87822e-08, 0.890223, 0.261367, 0, 3.94653e-08, 0.965239, 0.453142, -0.36292, 0.568353, 0.583031, 0.453143, 0.36292, -0.568353, 0.583031, 0.0123765, 0, 0, 0.999923, -8.50898e-09, 0.855338, 0.518071, 6.4576e-08, 8.50898e-09, 0.855338, 0.518071, -6.4576e-08, 0.0435363, 0.972167, -0.229976, -0.0102993, -0.0435363, 0.972167, -0.229976, 0.0102993, 0.139592, 2.83357e-06, 4.20531e-07, 0.990209, 0.525373, 2.93816e-14, 7.93292e-08, 0.850872, -0.416128, 0.428306, -0.487721, 0.636804, -0.416128, -0.428306, 0.487721, 0.636804, -0.00575787, 0, 0, 0.999983, -1.3653e-08, -0.659814, 0.751428, -2.07127e-07, 1.3653e-08, -0.659814, 0.751428, 2.07127e-07, 0.301249, -2.62179e-14, 4.54873e-08, 0.953546, 0.577695, -0.0707236, -0.0977735, 0.807284, 0.577694, 0.0707235, 0.0977735, 0.807284, 0.0168472, -9.98352e-07, -2.18947e-08, 0.999858, 0.0309635, -1.77438e-06, -4.56438e-08, 0.99952, 0.00147945, -7.64491e-06, -2.2826e-09, 0.999999, 0.0199725, 0.000787719, -0.0391856, 0.999032]
}
