{
"names": ["gi", "gi_T_root", "gi_root", "gi_pelvis", "gi_spineLB", "gi_spineTC", "gi_spineTB", "gi_spineTA", "gi_neckC7", "gi_neckC4", "gi_neckC2", "gi_neckC1", "gi_head", "gi_head_end", "gi_T_jawA", "gi_jawA", "gi_jawB", "gi_jawB_end", "gi_T_L_scapula", "gi_L_scapula", "gi_L_shoulder", "gi_L_elbow", "gi_L_wrist", "gi_L_fphaA", "gi_L_fphaB", "gi_L_fphaC", "gi_L_fphaC_end", "gi_T_R_scapula", "gi_R_scapula", "gi_R_shoulder", "gi_R_elbow", "gi_R_wrist", "gi_R_fphaA", "gi_R_fphaB", "gi_R_fphaC", "gi_R_fphaC_end", "gi_T_L_hip", "gi_L_hip", "gi_L_knee", "gi_L_ankle", "gi_L_hphaA", "gi_L_hphaB", "gi_L_hphaC", "gi_L_hphaC_end", "gi_T_R_hip", "gi_R_hip", "gi_R_knee", "gi_R_ankle", "gi_R_hphaA", "gi_R_hphaB", "gi_R_hphaC", "gi_R_hphaC_end", "gi_sacrum", "gi_tailA", "gi_tailB", "gi_tailC", "gi_tailD", "gi_tailE", "gi_tailE_end"],
"parent_id": [-1, 0, 1, 2, 3, 4, 5, 6, 7, 8, 9, 10, 11, 12, 12, 14, 15, 16, 7, 18, 19, 20, 21, 22, 23, 24, 25, 7, 27, 28, 29, 30, 31, 32, 33, 34, 3, 36, 37, 38, 39, 40, 41, 42, 3, 44, 45, 46, 47, 48, 49, 50, 3, 52, 53, 54, 55, 56, 57],
"translation": [0, 0, 0, 0, 0.778782, -0.284522, 0, 0, 0, 0, 0, 0, 0.0715806, 0, 0, 0.061343, 0, 0, 0.095122, 0, 0, 0.0812298, 0, 0, 0.0843936, 0, 0, 0.254514, 0, 0, 0.203988, 0, 0, 0.11537, 0, 0, 0.0827438, 0, 0, 0.31136, 0, 0, 0.0180583, -0.0422078, 0, 0, 0, 0, 0.0387952, 0, 0, 0.262062, 0, 0, 0.0162046, 0.045711, 0.0874002, 0, 0, 0, 0.26904, 0, 0, 0.21182, 0, 0, 0.26839, 0, 0, 0.2305, 0, 0, 0.0466754, 0, 0, 0.0342652, 0, 0, 0.036663, 0, 0, 0.0161726, 0.045739, -0.0873606, 0, 0, 0, -0.26904, 0, 0, -0.21182, 0, 0, -0.26839, 0, 0, -0.2305, 0, 0, -0.0466754, 0, 0, -0.0342652, 0, 0, -0.036663, 0, 0, -0.089736, -0.054479, 0.0535258, 0, 0, 0, 0.212014, 0, 0, 0.27361, 0, 0, 0.22999, 0, 0, 0.0450406, 0, 0, 0.0363038, 0, 0, 0.0363384, 0, 0, -0.0897618, -0.0544708, -0.0534908, 0, 0, 0, -0.212014, 0, 0, -0.27361, 0, 0, -0.229992, 0, 0, -0.0450402, 0, 0, -0.0363046, 0, 0, -0.0363384, 0, 0, 0, 0, 0, 0.0820444, 0, 0, 0.0763586, 0, 0, 0.0924864, 0, 0, 0.104372, 0, 0, 0.109284, 0, 0, 0.138135, 0, 0],
"rotation": [0, 0, 0, 1, 0, 0, 0, 1, -0.0957703, -0.700678, 0.0957469, 0.700508, 0, 0, 0, 1, 0, 0, 0.0448414, 0.998994, 0, 0, -0.0179148, 0.99984, 0, 0, 0.0134221, 0.99991, 0, 0, 0.174867, 0.984592, 0, 0, 0.358314, 0.933601, 0, 0, 0.0596605, 0.998219, 0, 0, 0.0378815, 0.999282, 0, 0, 0.0119094, 0.999929, 0, 0, -0.0150291, 0.999887, 0, 0, 0, 1, 0, 0, -0.979199, 0.202903, 0, 0, 0, 1, 0, 0, 0.536409, 0.843958, 0, 0, 0, 1, 6.3121e-06, 0.000121506, -0.606809, 0.794848, 0, 0, 0, 1, 0, 0, -0.717988, 0.696055, 0, 0, 0.34572, 0.938338, 0, 0, -0.0141676, 0.9999, 0, 0, 0.233445, 0.97237, 0, 0, 0, 1, 0, 0, 0, 1, 0, 0, 0, 1, 0.000121506, -6.31226e-06, 0.794847, 0.60681, 0, 0, 0, 1, 0, 0, -0.717988, 0.696055, 0, 0, 0.34572, 0.938338, 0, 0, -0.0141676, 0.9999, 0, 0, 0.233445, 0.97237, 0, 0, 0, 1, 0, 0, 0, 1, 0, 0, 0, 1, -0.135643, -0.0556538, -0.610977, 0.777953, -0.13892, 0.0834182, 0.033783, 0.986205, 0.803922, -0.57638, -0.145776, 0.0156832, 0.853012, -0.468598, 6.21733e-07, 0.229753, 0, 0, 0.145105, 0.989416, 0, 0, 0, 1, 0, 0, 0, 1, 0, 0, 0, 1, 0.0558759, -0.135551, 0.77793, 0.611006, -0.138921, 0.0834182, 0.0337831, 0.986205, 0.803922, -0.57638, -0.145776, 0.0156832, 0.853012, -0.468598, -6.21733e-07, 0.229753, 1.72686e-08, 2.53256e-09, 0.145105, 0.989416, 0, 0, 0, 1, 0, 0, 0, 1, 0, 0, 0, 1, -0.000116721, 3.43673e-05, -0.999892, 0.0146703, 0, 0, 0.0547453, 0.9985, 0, 0, 0.390385, 0.920652, 0, 0, 0.124648, 0.992201, 0, 0, -0.0223522, 0.99975, 0, 0, 0.0312165, 0.999513, 0, 0, 0, 1]
}
