{
"names": ["Armature", "Root", "back-front", "back-back", "neck", "shoulder_L", "shoulder_R", "ass", "hip_L", "hip_R", "head", "arm_L", "arm_R", "tail", "leg_L", "leg_R", "head-end", "hand_L", "hand_R", "tail-end", "foot_L", "foot_R", "hand_L-end", "hand_R-end", "foot_L-end", "foot_R-end"],
"parent_id": [-1, 0, 1, 1, 2, 2, 2, 3, 3, 3, 4, 5, 6, 7, 8, 9, 10, 11, 12, 13, 14, 15, 17, 18, 20, 21],
"translation": [0, 0, 0, 0, 0, 0, 0, 0.33635, 0, 0, 0.33635, 0, 0, 0.273174, 0, 0, 0.273174, 0, 0, 0.273174, 0, 0, 0.31325, 0, 0, 0.31325, 0, 0, 0.31325, 0, 0, 0.256557, 0, 0, 0.316909, 0, 0, 0.316909, 0, 0, 0.250921, 0, 0, 0.289002, 0, 0, 0.289002, 0, 0, 0.400405, 0, 0, 0.339529, 0, 0, 0.339529, 0, 0, 0.142938, 0, 0, 0.342676, 0, 0, 0.342676, 0, 0, 0.244801, 0, 0, 0.244801, 0, 0, 0.264543, 0, 0, 0.264543, 0],
"rotation": [0, 0, 0, 1, 0.984538, 0, -5.07853e-07, 0.175174, 0.965963, 0, -5.17618e-07, -0.25868, -5.11588e-07, 0.977349, 0.211635, -2.55794e-06, 0.231467, 0, 0, 0.972843, -0.330092, 0.230893, -0.636162, 0.658047, -0.330092, -0.230893, 0.636162, 0.658047, -0.0627894, -2.00395e-06, -2.50494e-07, 0.998027, -0.127989, -0.255846, 0.523275, 0.802711, -0.127987, 0.255842, -0.523276, 0.802712, 0.296883, 0, 0, 0.954914, -0.246029, 0.682132, -0.276915, 0.630463, -0.246029, -0.682132, 0.276915, 0.630463, -0.208585, 0, 0, 0.978004, -0.424636, 0.534599, -0.231251, 0.693117, -0.424636, -0.534599, 0.231252, 0.693116, 0.141623, -5.05091e-07, 0, 0.989921, 0.0392457, 0, 0, 0.99923, 0.0392457, 0, 0, 0.99923, -0.0640203, 0, 0, 0.997949, 0.0119864, 0, 0, 0.999928, 0.0119864, 0, 0, 0.999928, 0, 0.763392, -0.645935, 0, 0, 0.763392, -0.645935, 0, 0, 0.754866, -0.65588, 0, 0, 0.754866, -0.65588, 0]
}
