{
"time" : [0, 0.101111, 0.202222, 0.303333, 0.404444, 0.505556, 0.606667, 0.707778, 0.808889, 0.91, 1.01111, 1.11222, 1.21333, 1.31444, 1.41556, 1.51667, 1.61778, 1.71889, 1.82, 1.92111, 2.02222, 2.12333, 2.22444, 2.32556, 2.42667, 2.52778, 2.62889, 2.73, 2.83111, 2.93222, 3.03333, 3.13444, 3.23556, 3.33667, 3.43778, 3.53889, 3.64, 3.74111, 3.84222, 3.94333, 4.04444, 4.14556, 4.24667, 4.34778, 4.44889, 4.55, 4.65111, 4.75222, 4.85333, 4.95444, 5.05556, 5.15667, 5.25778, 5.35889, 5.46, 5.56111, 5.66222, 5.76333, 5.86444, 5.96556, 6.06667, 6.16778, 6.26889, 6.37, 6.47111, 6.57222, 6.67333, 6.77444, 6.87556, 6.97667, 7.07778, 7.17889, 7.28, 7.38111, 7.48222, 7.58333, 7.68444, 7.78556, 7.88667, 7.98778, 8.08889, 8.19, 8.29111, 8.39222, 8.49333, 8.59444, 8.69556, 8.79667, 8.89778, 8.99889, 9.1], 
"position" : [[-0.000205994, 0.0051318, 0.00955236], [-0.000205994, 0.0051318, 0.00955236], [-0.000205994, 0.0051318, 0.00955236], [-0.000205994, 0.0051318, 0.00955236], [-0.000234763, 0.00514809, 0.0100903], [-0.000989888, 0.00557579, 0.0242102], [-0.00370871, 0.00711634, 0.075069], [-0.00975768, 0.0105436, 0.188217], [-0.0158012, 0.0139677, 0.301257], [-0.0176012, 0.0147368, 0.334641], [-0.0151002, 0.011063, 0.285293], [-0.00860673, 0.00738398, 0.163834], [0.000181516, 0.00240468, -0.000549064], [-0.000842752, 0.00334719, 0.0190213], [-0.0140196, 0.0125682, 0.267487], [-0.0189536, 0.0132464, 0.357372], [-0.00990087, 0.00811718, 0.18804], [0.00405285, 0.00163216, -0.0713472], [0.00046792, 0.00976496, 0.00264492], [-0.0148397, 0.018438, 0.288971], [-0.015113, 0.0180356, 0.29345], [-0.00397135, 0.0097727, 0.0828305], [0.00528693, 0.00452705, -0.0903475], [0.001714, 0.00655151, -0.0235129], [-0.0105466, 0.0121607, 0.204297], [-0.0141442, 0.00982479, 0.266619], [-0.00866095, 0.00200939, 0.158703], [0.00047617, -0.0103001, -0.020315], [-0.00394239, -0.00779664, 0.0623341], [-0.0167308, -0.000550952, 0.30154], [-0.0176028, -0.0025645, 0.314998], [-0.00656738, -0.0146959, 0.101899], [0.00302677, -0.020884, -0.0784141], [0.000672766, -0.0142565, -0.0283644], [-0.0129804, -0.00016838, 0.234237], [-0.0230856, 0.00555713, 0.423256], [-0.0212097, 0.00349125, 0.387027], [-0.00910747, -0.00487035, 0.158941], [0.00357487, -0.0131147, -0.0794839], [0.00406441, -0.0148409, -0.0902852], [-0.00745148, -0.00831614, 0.125119], [-0.017971, -0.002356, 0.321883], [-0.0152734, -0.00388434, 0.271428], [-0.00393957, -0.012702, 0.0567055], [0.00405606, -0.0198512, -0.0958301], [0.00537896, -0.0206007, -0.120574], [0.00537896, -0.0206007, -0.120574], [0.00128428, -0.0156617, -0.0410048], [-0.0133527, -0.00363518, 0.237022], [-0.0216283, 0.000858586, 0.391593], [-0.0101415, -0.0123644, 0.169101], [0.00524824, -0.0255419, -0.123833], [0.00634082, -0.0218145, -0.139329], [-0.00914027, -0.00986694, 0.153854], [-0.0178362, -0.00493982, 0.316516], [-0.00960035, -0.0111385, 0.160724], [0.00139021, -0.0183408, -0.0459665], [-0.000678391, -0.0139926, -0.00366234], [-0.0134762, -0.00490266, 0.23781], [-0.0183781, -0.00541302, 0.325761], [-0.00980687, -0.0203552, 0.153974], [0.0005159, -0.0303832, -0.0438668], [0.000369217, -0.0251179, -0.0352332], [-0.0138413, -0.0112155, 0.237226], [-0.0224667, -0.00482378, 0.400279], [-0.0181514, -0.0181349, 0.307207], [-0.00414048, -0.0302526, 0.0403798], [0.00527892, -0.0355895, -0.13581], [-0.0015325, -0.027941, -0.00409433], [-0.0190858, -0.0167696, 0.325636], [-0.0237061, -0.0161021, 0.409841], [-0.0144715, -0.0238697, 0.234227], [0.00353785, -0.0346029, -0.10324], [0.0115138, -0.0391219, -0.252428], [0.00227417, -0.0318251, -0.0772582], [-0.0163436, -0.0229206, 0.269114], [-0.0221396, -0.0200545, 0.377054], [-0.0124168, -0.0255633, 0.195189], [0.00466784, -0.0352433, -0.12438], [0.0133927, -0.0401867, -0.28758], [0.00940281, -0.0312392, -0.205346], [-0.00879327, -0.0200937, 0.135962], [-0.015557, -0.0139768, 0.265077], [-0.014236, -0.0145022, 0.240624], [-0.00635542, -0.0189675, 0.0932108], [-0.00174485, -0.0192114, 0.0096679], [-0.0012589, -0.0193474, 0.000734675], [-0.00124741, -0.019354, 0.000519529], [-0.00124741, -0.019354, 0.000519529], [-0.000217564, 0.00485975, 0.009452], [-0.000205994, 0.0051318, 0.00955236]], 
"rotation" : [[0, 0, 0, 1], [0, 0, 0, 1], [0, 0, 0, 1], [0, 0, 0, 1], [0, 0, 0, 1], [0, 0, 0, 1], [0, 0, 0, 1], [0, 0, 0, 1], [0, 0, 0, 1], [0, 0, 0, 1], [0, 0, 0, 1], [0, 0, 0, 1], [0, 0, 0, 1], [0, 0, 0, 1], [0, 0, 0, 1], [0, 0, 0, 1], [0, 0, 0, 1], [0, 0, 0, 1], [0, 0, 0, 1], [0, 0, 0, 1], [0, 0, 0, 1], [0, 0, 0, 1], [0, 0, 0, 1], [0, 0, 0, 1], [0, 0, 0, 1], [0, 0, 0, 1], [0, 0, 0, 1], [0, 0, 0, 1], [0, 0, 0, 1], [0, 0, 0, 1], [0, 0, 0, 1], [0, 0, 0, 1], [0, 0, 0, 1], [0, 0, 0, 1], [0, 0, 0, 1], [0, 0, 0, 1], [0, 0, 0, 1], [0, 0, 0, 1], [0, 0, 0, 1], [0, 0, 0, 1], [0, 0, 0, 1], [0, 0, 0, 1], [0, 0, 0, 1], [0, 0, 0, 1], [0, 0, 0, 1], [0, 0, 0, 1], [0, 0, 0, 1], [0, 0, 0, 1], [0, 0, 0, 1], [0, 0, 0, 1], [0, 0, 0, 1], [0, 0, 0, 1], [0, 0, 0, 1], [0, 0, 0, 1], [0, 0, 0, 1], [0, 0, 0, 1], [0, 0, 0, 1], [0, 0, 0, 1], [0, 0, 0, 1], [0, 0, 0, 1], [0, 0, 0, 1], [0, 0, 0, 1], [0, 0, 0, 1], [0, 0, 0, 1], [0, 0, 0, 1], [0, 0, 0, 1], [0, 0, 0, 1], [0, 0, 0, 1], [0, 0, 0, 1], [0, 0, 0, 1], [0, 0, 0, 1], [0, 0, 0, 1], [0, 0, 0, 1], [0, 0, 0, 1], [0, 0, 0, 1], [0, 0, 0, 1], [0, 0, 0, 1], [0, 0, 0, 1], [0, 0, 0, 1], [0, 0, 0, 1], [0, 0, 0, 1], [0, 0, 0, 1], [0, 0, 0, 1], [0, 0, 0, 1], [0, 0, 0, 1], [0, 0, 0, 1], [0, 0, 0, 1], [0, 0, 0, 1], [0, 0, 0, 1], [0, 0, 0, 1], [0, 0, 0, 1]] 
}
